Student ID,Student Name,Book 1,Book 2,Book 3
241GN228,John Carter,,97171225205,,
241FS804,Emma Watson,,,93424370832,
241VK359,Liam Johnson,67045510712,,,
241MS502,Olivia Brown,,94178676025,,
241AS111,Noah Williams,,69634552991,,
241OO313,Ava Miller,36504730197,,,
241AG966,Sophia Wilson,52390527560,,,
241RU864,Mason Moore,63767207575,,,
241VP541,Isabella Taylor,,57410172985,,
241ZQ241,Lucas Anderson,,37411159132,,
241NC140,Mia Thomas,83660684407,,,
241AP434,Ethan White,26310835804,,,
241MF371,Harper Harris,00104001527,,,
241XG490,Benjamin Clark,,,,
241VC229,Charlotte Lewis,,,,